cycle_time_sec,queue_length,utilization_pct,machine_drift_score,bottleneck_risk
42.993428306022466,4,77.45131067668548,0.06391312233313734,0
41.72347139765763,3,82.12462925744455,0.1088410436069699,0
43.29537707620138,4,76.0621074626264,0.07266599577063673,0
45.04605971281605,3,75.60242398004924,0.08641724448369734,0
41.53169325055333,3,76.5517694334539,0.18367260451492687,0
41.53172608610164,3,75.14001417522387,0.16702305258951738,0
45.15842563101478,4,78.36801094798439,0.03502093815362012,0
43.53486945830582,3,82.87403537540868,0.14148662089395875,0
41.0610512281301,5,78.96923781934808,0.1405698277245796,0
43.08512008717193,3,77.24293949362114,0.042586835562369085,0
41.073164614375074,3,77.12456619325337,0.14093888218774303,0
41.06854049285948,3,73.31042757391003,0.17689659592062765,0
42.48392454313207,5,80.64932933144148,0.04387275968777931,0
38.1734395106844,4,77.76648840896159,0.05412485894928682,0
38.550164334973935,5,77.45856025922812,0.15088307334217513,0
40.875424941518055,2,87.57932270353459,0.1135747655412824,0
39.97433775933115,4,78.89625872509706,0.12757381376197618,0
42.628494665190544,4,75.74462684971445,0.11702946082002484,0
40.18395184895758,4,76.72092721138337,0.11953479604640721,0
39.17539259732942,5,81.44533712759026,0.03367639358444585,0
44.93129753784311,3,78.3398112316133,0.15236588533107243,0
41.54844739902693,5,73.6851660650479,0.1584794996213887,0
42.13505640937585,6,80.7576868037256,0.08853046279659862,0
39.15050362757309,3,75.99556774338302,0.09782615250930689,0
40.91123455094964,3,83.61989332865264,0.023444624872213896,0
42.22184517941973,5,81.24014419714395,0.12571273780089176,0
39.6980128451554,5,76.65803431302375,0.1286028720857072,0
42.75139603669135,3,81.84304908520534,0.09689044915003446,0
40.79872262016239,3,78.20356653158221,0.15621766799352516,0
41.41661250041345,3,80.55832102536665,0.08329613845100298,0
40.79658677554121,2,79.45419845188343,0.12823029629468002,0
45.70455636901787,3,75.46093003502737,0.049016783065394226,0
41.973005550524135,2,76.06935050304762,0.0988223924562881,0
39.8845781420882,3,81.08988245274348,0.09128228710485821,0
43.64508982420638,3,76.99567400368038,0.11126539610204708,0
39.558312700057954,4,76.78905461027401,0.08152365355833208,0
42.41772719000951,5,75.13463226195194,0.09342637021641662,0
38.08065975224045,3,79.27079719678038,0.14130235857207532,0
39.34362790220314,4,84.18757475772944,0.07816178813808913,0
42.39372247173824,3,74.79740125723718,0.01967114496306603,0
43.47693315999082,3,78.07265837001827,0.18747919521027104,0
42.34273656237994,4,82.23666166624629,0.16907270393452434,0
41.76870343522352,2,77.76107582626285,0.03538686524471907,0
41.39779260882142,4,79.35711538874921,0.13448539026225972,0
39.04295601926515,4,74.81281941555936,0.07485126147243285,0
40.560311583210584,4,79.28492129162295,0.11317436076655299,0
41.07872245808043,4,77.43856720498636,0.11471120645067469,0
44.11424445243783,6,80.95718998703958,0.08827960998418391,0
42.68723657913692,3,81.56215815469426,0.06081171672068018,0
38.47391968927453,3,85.76869092605584,0.06547294738418703,0
42.64816793878959,3,79.73889951964073,0.05419040422593788,0
41.22983543916737,3,78.9773889497465,0.058408889588477765,0
40.646155999388085,3,78.583152904732,0.09664108549753224,0
43.22335257768174,5,76.94050112156793,0.06421200054446241,0
44.0619990449919,5,79.01545153038508,0.134102603285631,0
43.8625602382324,3,77.11379576958291,0.17436230776679637,0
40.32156495355472,3,78.50538292880884,0.07099733793149786,0
41.38157524829757,4,81.95279260682388,0.11197022502676886,0
42.66252686280713,3,74.98037230416108,0.12498425551514669,0
43.95109025424472,4,81.41963568338714,0.12360011354596373,0
41.04165152430942,4,81.9513452020196,0.10379776339580438,0
41.62868204667237,2,77.64579441902676,0.13713412091798613,0
39.787330051987944,5,71.63443530297421,0.12411244763403287,0
39.60758675183866,5,76.1765340387167,0.03811687888363511,0
43.6250516447884,3,81.89098363968333,0.14345780321946366,0
44.71248005714165,3,77.93139581310335,0.1443645418633371,0
41.85597975683933,4,75.00209330311527,0.06183569479107093,0
44.00706579578405,4,76.48567523631534,0.10189689177238011,0
42.72327205009527,4,80.52186007951366,0.13416644964055346,0
40.709760490789755,6,79.64020070460414,0.08953430902103193,0
42.722791211016826,3,77.28320370249092,0.1536489023883006,0
45.07607313293194,3,76.89952676455594,0.21819362473096804,0
41.928347921780095,2,76.82472555286853,0.060700698368250885,0
45.12928731162801,3,75.23276944650449,0.030947769842311262,0
36.76050979182051,3,82.84612706840832,0.1151909297802438,0
43.64380500875045,5,77.03303859236598,0.1360781252563072,0
42.17409413647634,3,81.65147556247649,0.08845668130776156,0
41.401985299068265,4,82.56394815576735,0.17266303316605172,0
42.183521553071,3,80.99493269444388,0.03306971001383756,0
38.024862170798215,5,76.70513906184586,0.13464593115158058,0
41.56065622432497,6,79.21119027100983,0.06970695896205534,0
42.71422514302349,3,77.92741318082726,0.18596889531036484,0
44.95578808948303,3,75.28889441780962,0.19962576765840592,0
40.9634595634527,5,78.97307784516481,0.06166717061083261,0
40.38301279421363,4,74.46288062652059,0.072522143204571,0
40.99648591283093,5,81.5630381653847,0.1429793943489901,0
43.830804235404145,4,76.60614810810482,0.08064346751052427,0
42.65750221931937,3,78.60347896761851,0.09772943910338809,0
40.94047959246592,4,78.84986361463842,0.10126942102712051,0
43.02653486622671,5,77.22328507888777,0.004016342190117178,0
42.19415509869608,4,79.76008140442582,0.09930811269528814,0
43.93728998106578,4,76.57528903013242,0.06551361129679131,0
40.59589381224529,5,80.61389189237173,0.07534385888001141,0
41.344675706804466,5,73.96206095925976,0.1721816001734407,0
41.21578369373569,5,78.37913873863924,0.03717465528603718,0
39.07297010373576,4,83.81678699717486,0.14066025933739887,0
42.592240554129155,3,74.99900602618328,0.08605185348340957,0
42.522110544359776,4,75.96676508842545,0.08601199157520828,0
42.010226913284924,5,79.54172354897675,0.13951859480258558,0
41.530825733249706,3,78.5387453458188,0.11700256472844453,0
39.16925851589917,4,79.05189029782068,0.12853064986097656,0
41.15870935446928,3,79.467561390443,0.14840923302664305,0
41.31457096694646,4,79.90416440568531,0.08343458084083387,0
40.39544546155676,5,81.32909952586867,0.06938816327461249,0
41.67742857666798,4,79.22945597078554,0.045742473672110096,0
42.80810171362908,4,77.27622703614438,0.058729473501052246,0
45.77237180242106,2,80.0177211036082,0.24745472126543627,0
42.34915562566368,4,83.69964580468564,0.16223397903683934,0
42.515100781445526,4,77.60209876085229,0.03244628168959894,0
41.85110816846767,6,75.07641208598808,0.0338771021628215,0
38.162457569401916,3,81.32124200786092,0.12409330308592459,0
41.94697224910156,4,77.6388565081392,0.12736323986889836,0
42.12046041988205,4,71.4819913619579,0.12744419176586824,0
46.92648422497057,5,80.54226503145127,0.08725221032231512,0
41.61527807043775,3,76.39401544213823,0.093727286999855,0
42.60309468466723,4,77.72840015308752,0.11639397620796788,0
41.93057646058951,4,78.99594099170704,0.10429465031466653,0
39.662643924760935,4,78.5714990393372,-0.010965018637376756,0
44.28564562903004,3,80.12835545141712,0.08851001847124032,0
43.50386606537355,4,76.69354088829047,0.05742967828698432,0
43.58206389408609,5,79.53931739452825,0.10876057094542561,0
40.18122509041052,2,77.22135996724825,0.24926295013017052,0
44.8055886218722,4,80.21643144266251,0.11837408327371522,0
39.196297874415436,3,79.84610245203916,0.08432351569138011,0
43.17371418760054,5,75.19368389386621,0.14609007509886263,0
46.380911251619956,2,81.2579463485251,0.12413439436046064,0
40.018927349738625,3,76.39210966465785,0.12100472452259207,0
40.86740454079445,4,80.42417339484344,0.13034252966078355,0
42.19930273017528,5,79.10186194020402,0.20282717824147709,0
40.993048691767605,3,83.51455103038536,0.04345557823370422,0
38.89867313786773,3,77.32960205288444,0.12368160384057272,0
42.137125949612056,5,76.9520496116454,0.05368094350092308,0
39.87539257254779,2,77.9417411823368,0.12777563231711242,0
42.947184861270365,1,77.09046065149717,0.054065674425695286,0
40.1611515315324,4,80.39982570582615,0.07913165931974578,0
45.099868810035076,3,73.15106817469024,0.08524550428810469,0
40.433493415327526,2,74.83895274256093,0.14879083596723547,0
41.35587696758865,4,74.79659123526243,0.1459227221971207,0
43.627034434739336,4,80.85092277592072,0.03771413117768078,0
39.53827136713209,3,83.13184011774578,0.10274670554999245,0
42.45491986920826,2,77.68665234438758,0.06452100726254137,0
44.614285508564855,4,77.49353483042997,0.037074754466233276,0
38.78503353087754,4,78.21015648933954,0.08914914747878148,0
42.36926771706461,3,81.48563490782458,0.08457586057720902,0
42.519765588496846,5,75.21794059742828,0.22133582431727614,0
43.56364574355462,2,78.71510694820435,0.12164799126803481,0
39.52609857824383,2,80.92559288934729,0.031119124962288136,0
39.35908677383145,3,79.50328250981954,0.07176129979145289,0
43.0438831312338,3,78.56874484979623,0.15106916477146992,0
42.59396934646637,4,81.00313827770142,0.20442213864349626,0
42.50098570069175,3,69.89030312100229,0.02070083438810208,0
42.69289641899395,4,80.03362595859272,0.0060037807430477486,0
40.63995055684302,2,76.03777295061772,0.1935482587685891,0
42.464507394322005,5,72.50810130943063,0.1194807088685452,0
42.586144946597365,3,79.53360779857495,0.05658536340618168,0
40.571297163947264,5,82.12097563548888,0.12673145430612176,0
45.731549022289514,4,77.58765445611692,-0.03178738695084388,0
42.94766584182358,4,80.85862364160882,0.10016877532985806,0
39.6173930055947,4,82.83683477396593,0.11639105864215427,0
43.31310721726766,4,81.94474336075214,0.1462135069768915,0
40.050636659545354,4,82.91989358811418,0.049305202385373115,0
43.57416920748491,5,80.22638247321568,0.10428435807016796,0
44.31719115801481,4,78.22630091670477,0.05372876869702064,0
40.35863536329658,4,73.1941025643085,0.11276918778371586,0
43.92675225848864,3,77.26181253561015,0.05523268388184879,0
42.825561853873,5,75.47026021405142,0.07959495804198898,0
43.64412031998898,3,84.51282815249344,0.05020923026048855,0
45.7935859653079,5,77.47234256270299,0.13255681209118286,0
41.50922376799426,3,78.36961442035346,0.14292255583283328,0
40.49252767128502,2,79.6544561281214,0.08826897150212931,0
40.22097114074895,4,78.13080733911737,0.10191189974800142,0
40.368379430069126,3,83.08515312129227,0.027570429268322802,0
41.84579658117179,4,76.13205191479665,0.08501616759966066,0
42.68230394963329,3,78.58382236571173,0.09748976914791277,0
42.55338159866004,3,75.77258824290585,0.23103965455149877,0
43.65436649807205,2,74.03993246633789,0.04440164871129182,0
42.02600378375581,3,76.16469272728415,0.17320886193762186,0
44.907068154314636,1,77.88888960885477,0.1498429386732904,0
41.470686333524085,2,76.71209332644823,0.11403182022450682,0
47.44033833317924,4,75.92273706037844,0.1879310242097567,0
43.25133469553001,4,73.7810476089845,0.11860527363034315,0
40.285684887167434,4,77.75068328211391,0.11945795978339645,0
39.858215003877774,3,73.485838877907,0.09734396734912273,0
42.964944830486374,3,80.28016789106881,0.16117844412093138,0
41.5530744293483,3,78.24731925880351,0.1548234616905442,0
43.42800098818418,2,73.6273455016052,0.06871613562518938,0
42.94647524914709,5,77.07237276885041,0.034037640270061634,0
41.85434217468625,4,75.74353078322825,0.08985096813021715,0
40.30641256386319,3,78.95752353125754,0.05999807178011768,0
38.97030555062827,4,82.02135133806944,0.09682377126923225,0
41.10697009586596,4,72.37448259106277,0.16187190673420698,0
43.71279758864694,1,78.34507823744225,0.0771349172456605,0
42.428187488260406,3,77.51960161330008,0.09785883093442126,0
39.50852244257602,3,80.0140202293514,0.10290113674041977,0
42.34636185170236,2,78.63958988471306,0.14242154411026425,0
42.77063475945767,3,75.74409200478354,-0.012344466699230255,0
40.232285127597734,5,77.04283819300015,0.06966498526173517,0
42.30745021189106,4,75.61192242958953,0.11056418461397365,0
42.116417436892,3,81.2280214157958,0.16000394782134308,0
39.714059404338755,4,78.06393494601582,0.07540487762468975,0
42.715574720696566,5,83.70357205725902,0.006172364697906302,0
43.12156905273647,4,77.81801755855614,0.13098557229830682,0
44.16610248635055,4,75.87477969926861,0.06823188055871854,0
44.10760410406981,3,73.45885682216152,0.04051666704548194,0
39.24466126408582,4,72.59058097123217,0.06878273051433881,0
40.124349920169756,4,73.24759217098352,0.09077373211720753,0
43.03007053441732,4,78.80137995303446,0.06976276677308937,0
43.027571901824416,4,79.5261750696898,-0.010278302854953458,0
43.030095372612095,5,73.2564278939036,0.14485330984435663,0
49.705462981309445,3,80.68511494222835,0.1637437520639361,0
43.141781021386336,5,76.55081684494968,0.1325760995669753,0
44.271131280361196,4,78.44037903595665,0.04311571647875917,0
43.908003526986406,6,82.83666188476627,0.08992542330262411,0
43.3027825026116,3,80.69051794759659,0.0996739342385271,0
41.36946151071931,5,77.1944080562825,0.12993971947809552,0
43.51793844098653,4,75.32642332375414,0.13341702443590406,0
40.454349570924855,3,71.54455379601208,0.06329131006107522,0
41.52636278651998,3,75.84254004227274,0.10409977782067803,0
41.029272904341795,3,77.36660928351692,0.12286402023076207,0
42.163748278772644,4,75.03846141854645,0.17279111610733833,0
46.629317133347016,4,77.60622909872309,0.13522532699123616,0
38.2654696148165,3,78.2305556488763,0.13945283436877595,0
43.37252038074903,3,77.32543205457577,0.10419133139646805,0
38.7745682576207,6,76.04999225752962,0.1705229572601752,0
41.056136268421135,5,78.50596401590019,0.12048813979797487,0
44.17790119393473,4,79.32582194870822,0.05694560449132148,0
42.128560038190926,4,74.72880276767147,0.17016849850625954,0
39.844510444141385,4,82.23279713923881,0.1348951636269514,0
40.569392581480066,4,77.70423560314721,0.0778477989435759,0
43.35919549786935,2,78.05654886883454,0.07602535163003783,0
40.53926673656573,3,80.12464326976968,0.11482877725703809,0
42.43291717916395,2,78.69964839379051,0.12315923976337924,0
42.09114367980763,4,80.85940990173974,0.10986461328156033,0
40.696799304788364,4,78.86137249560548,0.11556543367214425,0
46.287888178650654,3,76.16268787607869,0.18499786872881904,0
43.26783804463602,5,79.08451057561831,0.15357715761174429,0
37.94971482668478,2,74.56882137803801,0.10953177956325122,0
42.372908629538856,2,78.32567911732957,0.14706552903837417,0
40.67642707046323,4,77.90031002806661,0.04837380482362302,0
43.70486666959245,5,77.37564942818238,0.11989635249734046,0
40.4149585231346,5,77.61438746568321,0.19046531748665552,0
41.7705271170662,3,72.35445286350708,0.08909770523038131,0
43.009974557960916,5,76.35382527677712,0.057618303569045765,0
43.73151038834024,3,78.27853470342335,0.06739555557034696,0
39.599407185888445,3,78.4795691759922,0.04551834813288058,0
41.3309975283181,4,74.91697457722212,0.06076190459361483,0
41.05010937767809,4,81.7971235225941,0.08147459507049856,0
40.69334153485258,2,75.4014754553565,0.029721649041067902,0
45.530908480562196,5,80.90837160158021,0.10078091669748016,0
42.809963421921914,5,79.28158308561505,0.14511385868933235,0
39.47823209132991,3,76.06131807046859,0.054612190992653985,0
43.83572389410955,4,83.32593267782853,0.17596419618208844,0
46.244312394025265,4,74.41908950473056,0.12553960442637974,0
44.06493052110229,4,80.75746252083,0.15152902928120288,0
38.961260068091974,3,81.00174695412893,0.06710827230739315,0
41.0315318542675,3,75.98813937277006,0.1427262613533308,0
44.533822298373245,3,82.17739590019299,0.04540330498023435,0
40.584661068762436,5,77.24986045620314,0.14451237504182546,0
42.887638856292455,4,78.86608088783957,0.10859196698967656,0
43.549268106858676,3,78.78096551631366,0.1276625609992392,0
40.146139056843836,4,77.59707377558836,0.04122026971875742,0
41.8809492878764,1,80.43242481947935,0.05524650788616977,0
35.517465319861856,5,80.38046616165664,0.12986141091266926,0
39.95122471733142,2,72.75440408028545,0.052582599788789965,0
41.49486369721368,3,81.91302072863446,0.12316031460495616,0
39.5044336360703,2,73.01252403589298,0.03164310967698772,0
45.26482260786327,2,81.09763861302497,0.1424087106333334,0
39.13971724407873,5,81.38011541048274,0.03837383426157455,0
41.11991102660603,3,74.7271007093544,0.12761499688397618,0
42.26148115457218,4,76.76755713613625,0.13128154668230005,0
44.88254657813223,3,74.68288599454219,0.06516140907852125,0
39.12827569764112,4,77.3552369091338,0.12910132835423635,0
44.326327504309916,4,77.07589714744277,0.1130221131666778,0
42.020466122039174,2,80.33898159680803,0.07305790719036309,0
40.0369826979041,4,81.93092623835882,0.0495722657961896,0
42.92420694852654,3,82.18705143236987,0.0018687154163710418,0
42.39811939114694,2,76.3134959202651,0.1174825023649847,0
40.79956624568241,3,77.37233437876641,0.021759861431897246,0
42.13960416998004,5,72.94968542333714,0.10476720997206541,0
41.22937280627648,4,75.58238980051144,0.08682758919588755,0
42.2270346905025,3,80.89455489929237,0.1339571387719098,0
43.3242613490421,3,82.8467484706447,0.0848977250255068,0
45.172033632290706,3,74.29695338436024,0.08352761068264544,0
39.524369002346305,6,76.22260722254131,0.13659353521441478,0
46.266066749312536,4,77.92078272912322,0.11675290145420589,0
38.095824400954996,4,78.84048347645881,0.11580779785913892,0
41.69642980992883,5,75.57118944023506,0.12346337949042632,0
43.17663441296915,4,79.27218313339228,0.023221393839644708,0
42.561983735470065,3,76.57848195878725,0.13783943399934911,0
40.754600960358815,3,77.95664318736516,0.13062343970068013,0
41.58375549928545,3,79.6388527440111,0.04916584357117514,0
41.01399813068233,3,78.0192668094328,0.08779597631628994,0
40.82127048611158,4,76.69084232842029,0.09803463561861844,0
43.699204194042046,4,77.67117058822251,0.09327516077991337,0
42.71403097193009,4,77.73491112238399,0.11669299832842674,0
40.61418080947869,3,76.88996691035362,0.17156833909155916,0
43.7991997508665,4,77.2236118119987,0.15408833638364144,0
42.614599041753216,2,82.79594151151414,0.034389040328429696,0
43.62572423767792,4,79.68275834382372,0.13110349951530245,0
43.259257683847224,4,77.11355904591252,0.1664466659767705,0
40.34200997815586,4,80.0908632135322,0.11934042603446014,0
40.87963791960606,1,76.99854153073197,0.15454902125929837,0
43.49458721024652,6,81.51937391275992,0.20061352228503826,0
43.22074053086693,3,79.10892657659429,0.1511854773053491,0
41.958196812071705,5,77.67809356798732,0.11246542978208646,0
42.23465476661757,2,79.34315077743084,0.1522544237042377,0
44.55532979157685,4,73.2873715437945,0.10724439165484456,0
40.81685722232834,2,74.61969759327059,0.10119515216424778,0
43.094194762340074,3,74.41822498080283,0.08242928821431338,0
41.59561469513221,5,78.42882928429113,0.1781706679416054,0
41.56463759354556,3,83.19754499845527,0.05907856670289993,0
44.19755370397438,4,84.6939004385779,0.1766183862339058,0
43.65083269797606,4,79.91415330432227,0.12499320618701858,0
43.62701927200128,4,79.50253342483337,0.03003469125990292,0
44.61095761430866,4,72.59682679754178,0.11838246464957108,0
42.04200768326552,4,76.37197860079793,-0.005001325382581204,0
43.36390594258993,6,75.63664874427528,0.1312754008415518,0
41.37946648681309,3,76.13745720524665,0.14426157414944957,0
42.64833270497689,4,77.49556854424563,0.07038220221739733,0
41.73971389126463,5,76.58372826690862,0.10617738479777912,0
42.19399192998544,5,72.06210056887264,0.19770787168751433,0
43.19031405087383,5,80.2437307683526,0.07471266478690317,0
40.36355863353305,4,74.78177092278058,0.047054620647169976,0
46.18477455137092,2,78.71774059233344,0.17408317012312996,0
39.987965237000594,5,84.22224800924992,0.19812935952653976,0
39.57162277442453,2,75.24184622524074,0.10018478359239237,0
44.316221747000135,4,70.40913743176101,0.15057315177041783,0
43.583325387925875,3,77.14198733435967,0.16707379577654408,0
43.24823963410431,3,81.30287890499571,0.0628757883730808,0
43.25669101852856,4,83.87504236266179,0.07573470823160659,0
41.97550645430617,4,74.31135121664275,0.16154372565773675,0
40.205491257028335,4,79.49009766970957,0.18425071393542547,0
42.151609116387455,5,76.60406862965984,0.12814404300871773,0
40.645676576975774,4,77.68215493708759,0.05600928232489729,0
43.950239466835505,3,85.9330300410511,0.19935305558497207,0
41.70588523699572,4,73.49108901481453,0.07345145510940178,0
40.34900560641498,5,78.76121898448372,0.08324311094142742,0
41.35722831669401,2,79.4030795152963,0.11711689172448109,0
42.82586290855125,4,81.25735897481805,0.1777080210357387,0
40.87255089439205,4,78.29394946041269,0.1426987988276112,0
40.355559208867135,3,78.92415161851231,0.12074327501809554,0
42.48737442298383,5,76.82505429773462,0.12316442650590531,0
42.489933142217446,3,78.80738082373531,0.10217573343217332,0
40.98611364925774,4,76.97042317350777,0.12790697572592533,0
41.057923388763356,3,79.86471566956816,-0.026478003884715162,0
42.464099874715274,4,76.8911689918691,0.08516962704651009,0
39.10383131700535,2,79.13130118170656,0.11206609674583906,0
39.18507245124689,2,77.91221155894506,0.04244929581902465,0
40.56311155749513,5,81.3781507523165,0.119316165890578,0
41.573105696576306,3,77.84581882923455,0.08977643895069393,0
42.62181513119601,3,72.68090259537935,0.1877737849157745,0
44.950712433899106,1,81.78576450214197,0.17865098626074283,0
43.715319246404036,3,75.28280309741214,0.07670972154409186,0
41.68012294007315,2,76.03870098405353,0.09245811442166524,0
41.961967584194625,5,76.21301611786953,0.09630262171958037,0
39.99494127072438,5,82.12331427951246,0.07741702619201887,0
41.96297372801522,3,71.59297735806392,0.10975124920140635,0
41.42268272215972,6,87.41324560097998,0.062085896555620496,0
42.64543712067618,4,81.16817042719815,0.043469233253123685,0
40.345538112895355,3,78.66971674238748,0.13113556119501343,0
43.03869302848234,1,77.83531799815114,0.13147647921109054,0
45.06547782600516,6,78.85666222457297,0.059784212017000384,0
41.78247970308629,2,79.56336728513801,0.14476777153812997,0
42.80342344419788,2,79.93564675785017,0.06842111354173344,0
43.38028798342223,5,79.66681339801035,0.11265826190189906,0
41.19755905622833,6,78.26874204376574,0.1410172006306228,0
42.44818496362083,5,77.40798473907802,0.09831937176481435,0
42.02518480156359,4,77.54618014903946,0.12273704560705673,0
42.19535219709766,4,77.41527515894195,0.07417851780562142,0
40.453980432289065,4,81.40131029060119,0.09017667082859515,0
42.049020348517885,4,79.78067016684258,0.08970702845598298,0
42.995996582490896,4,69.17883409600717,0.06267108267298806,0
44.902287215590086,4,79.96770232958929,0.0911612918442109,0
43.91854165217041,3,78.58420858415633,0.02256908505681267,0
46.30636491502311,3,77.9438737306623,0.07544231264289478,0
40.465304874223904,3,76.83444464073334,0.08575622533151646,0
43.74464127344136,2,81.37233815995805,0.087191012375231,0
42.36668401147671,3,80.84257938636857,0.08792512770646106,0
46.37960586643534,3,75.68136699652918,0.09691179000699356,0
40.3834034292897,2,79.2211568613736,0.1239720759043032,0
40.32055631563845,4,75.08502979637615,0.14372585370662613,0
40.80121470911195,5,73.8611455056332,0.06751173865758664,0
37.752208551380384,4,76.1198483262301,0.03983995723054278,0
40.948489956638475,2,80.58718041714828,0.047897779387844855,0
40.48173467689261,3,80.85937513612826,0.07563985394025365,0
42.300787572952416,4,79.53925626029188,0.08240393410917454,0
42.683511951554316,3,80.17528736054399,0.061500196690127136,0
45.752341678431776,3,79.54853486134488,0.03519416678750528,0
43.9008476763721,4,76.07555521433115,0.0771939586262906,0
40.846192688675195,3,79.29576763402183,0.10907133100569857,0
40.20317065730328,4,80.40122857568305,0.12975147329177825,0
42.98383834301301,2,80.26287398944072,0.07212884734458394,0
39.359533585958715,3,81.56674011442392,0.0793501088928283,0
45.66291753170871,4,80.1249115416032,0.05366508455763447,0
44.35888024144258,2,79.05434462262475,0.09842804148126119,0
41.06164869579059,4,81.21045071494929,0.05757856829045927,0
38.57373094181825,3,77.92043622225282,0.12865639066206003,0
44.707744748330825,4,75.35437604631684,0.010706675403294438,0
41.77092030949476,4,77.51079910816871,0.08201851637737688,0
44.47563262394692,5,75.76529206558065,0.11505536695958711,0
38.81114468241127,4,75.97446517507686,0.10919172581612523,0
40.801249954092455,3,77.56644398785345,0.23465168319902485,0
42.010487399436364,4,75.62274023700012,0.11749000122839538,0
42.09396118752949,4,77.07611541108288,0.04979727015789949,0
41.09986905704151,4,72.31915599913864,0.09522678764554636,0
43.245699864695,4,78.63988112211882,0.011187683326677411,0
39.86475914123481,3,78.00361642608668,0.09597001253516196,0
41.71524102995741,3,75.54873410679542,0.05834719714996207,0
42.240591263423795,2,79.97773700529721,0.1457695137780081,0
43.028877668117495,5,80.81271041287968,0.07252298627022326,0
43.42322975617778,2,73.17732040689307,0.09416170421023767,0
39.75071581632426,3,75.71182566430136,0.06822210792977984,0
38.93177165852875,3,75.69257295063811,0.1869425675926666,0
44.55535364379702,4,75.18029069667341,0.08393786169410442,0
42.66462802395918,3,80.48842452579524,0.1916278521739601,0
40.50302692688689,5,77.4185215836816,0.14070758810591333,0
45.102303951045045,3,77.20645547606817,0.12410333636676932,0
42.23134926858572,4,71.98841290677974,0.118436657365876,0
44.358594368127655,3,79.90625409062768,0.11968986491081259,0
42.135036962820216,6,74.28222481543958,0.003616371032719501,0
46.121495849763974,2,78.17979789079898,0.08605583029246218,0
45.51068168488641,4,78.83213081387457,0.14225789855921608,0
41.50207170304185,4,82.08197578751596,0.09755514082629473,0
43.94314190190871,4,74.07353880264266,0.029740507659821253,0
43.290751899170296,3,68.94146353253753,0.09737977747112653,0
44.7372631150647,3,78.55154863426108,0.18520527581277457,0
40.070153078839795,4,83.40153354453255,0.162344585776736,0
43.37210291999688,3,81.71683905881831,0.09689979953169842,0
44.11684897369918,4,78.62897824582387,0.14757246385290435,0
38.48252102715377,6,76.52509144310386,0.08167464898159742,0
39.63348297466845,3,80.42136778991193,0.014806420658664055,0
37.921535644479796,2,75.0793614008866,0.053776700593522284,0
41.46118633111089,3,79.42907330806865,0.1781444384254099,0
43.435084511591924,6,79.51641047749987,0.08630034590853479,0
45.004714104192054,3,81.18062972249663,0.0878308010312491,0
42.14818956083955,5,86.27898011673324,0.08500809018625598,0
45.257231091142586,5,79.1772479015363,0.19520682947865037,0
39.23979708357022,3,76.4731091228775,0.18129794576810318,0
38.59323512128969,4,77.92327706342401,0.2109390116724067,0
41.888904602206765,5,72.69277228533265,0.09204773947999745,0
42.76813089787861,3,75.91586060673282,0.11478122443735476,0
41.93461050381181,3,76.77215268566069,0.024167872528960438,0
37.86511579992025,3,76.42773480619623,0.17384672130591372,0
41.82175992097442,2,78.45706461610116,0.04161102243660325,0
39.39106099899029,3,75.5327402028534,0.11083877818813145,0
43.33934509766008,2,81.36309200197341,0.0451348736183578,0
42.7331964921937,4,78.00062119475459,0.07055665866306521,0
40.12024042734529,3,77.97209903658415,0.058136878447514986,0
40.972266165326616,4,77.01631585046124,0.06960623696620911,0
39.881572956222094,2,78.46557205157694,0.07304386484255107,0
41.874641805453656,4,80.4752947940029,0.07258656025374616,0
43.91028464100248,4,75.3986093528673,0.14166669558901537,0
40.028547907328914,2,76.02565053277424,0.044756860346874,0
43.00809303103569,4,77.08882191367,0.11102707135069335,0
40.939484763255116,5,73.96238722958036,0.16089795761527792,0
40.41425433547531,2,75.5422264208355,0.0743401817743302,0
41.785939280090886,5,76.57133737936603,0.06410405546261991,0
39.92951535516125,4,80.62316754213818,0.08847376874098746,0
40.892701389305635,3,78.78768398700578,0.1589862604180355,0
39.6042442148223,3,78.58076973410263,0.10970538154766789,0
45.92945026583278,4,80.55269388650392,0.07343928526962008,0
42.070527103943455,4,77.58788463480181,0.124193832559402,0
40.60054898401483,4,79.17139454978667,0.044885392508178835,0
42.42795982146844,3,77.6903347412025,0.13406797552214741,0
41.77534390061834,4,78.79608704819888,0.12043036538508839,0
41.55806080093355,2,76.25172402716525,0.0846095764430558,0
43.22833340008685,3,70.6835485251707,0.05807071007763845,0
43.51501542009461,3,77.59716251344109,0.05566595388582714,0
40.93899770477894,3,82.26824440829982,0.12674086681729552,0
40.84836351871064,5,80.77864620672477,0.1614490251244531,0
41.449896605696715,5,80.89619245377351,0.06813461264856027,0
37.39615767052883,4,81.70839216541866,0.12291933517757422,0
38.96961787560289,2,78.26597277288431,-0.0043513509301034425,0
44.73374853488905,3,78.59194712221678,0.07076911346714003,0
45.28993542700257,5,76.14704431369695,0.09844705335645491,0
41.50192792088724,4,77.05178143191885,0.05451582915090832,0
43.15311392611153,6,79.84731344931342,0.053174681260520204,0
42.62250030908707,4,81.61165331150644,0.06661102217655569,0
48.15776161691048,4,77.581661172957,0.11460963641631866,0
44.23914982286915,3,76.64943220544576,0.09063354907968127,0
41.74416481703847,4,78.0015838765698,-0.011911561666248599,0
40.08891911879915,3,79.80362024678735,-0.006035007631753311,0
38.78710735948486,4,73.66843555159937,0.06965674110714123,0
42.406927271734446,4,71.11145714058829,0.1228843293026776,0
40.48729850943139,3,76.34838945152525,-0.03737524213626173,0
39.155492580804655,2,74.33786272225753,0.07501349119241847,0
40.706854231514946,2,76.47557940705806,0.07368760717412895,0
39.83690399277121,4,77.55665904354758,0.1694168889104224,0
45.37428327014513,2,76.64025477293096,0.08074890941435682,0
43.7632795138989,1,82.35740260341224,0.11914944923704643,0
41.98405471736677,4,78.98023429380696,0.10706285700437317,0
44.95988827778005,6,78.90142307883248,-0.006528323990360033,0
42.154736615295235,3,79.8666214321302,0.13841036083158686,0
40.27743159734347,4,74.5835006466577,0.1107698252728144,0
45.04624815453931,4,81.1173353622608,0.12541343198372948,0
43.07782008736932,3,77.77270714039362,0.29631188532181635,0
39.925507691347086,4,80.01144185172363,-0.004205646974929422,0
41.61932264383278,3,74.78442830087954,0.18623483248805545,0
40.248763493230484,4,73.3387237019518,0.08562762402998222,0
39.23440053807133,4,80.45366897407509,0.11436644522015046,0
43.85235509506328,3,79.12922857829255,0.0977243877349379,0
45.81883328094026,4,75.29384533692748,0.07878818333009782,0
39.20286485236172,3,75.39101075617592,0.07150835358806207,0
43.12593847338114,3,81.37630435324431,0.11647543677865047,0
40.69871486175634,4,74.43176432139802,0.024141315166416044,0
41.02574923247061,3,82.92801885976789,0.13752895837608828,0
40.81521215152226,4,75.2981377960564,0.07919027975573731,0
40.27201846064037,3,79.91517577682515,0.043496533047982115,0
42.09704325588965,5,77.01414457275304,0.07749935710020932,0
40.33809976717792,4,79.80956229324703,0.16285746084312863,0
42.54091365155968,3,76.36765799365742,0.07323324564918884,0
41.89952378110173,4,77.51162128178312,0.11792268091048103,0
41.52210390626718,5,78.12275752618716,0.06345218621422634,0
40.18487267591681,4,74.99343763265558,0.13789609249618098,0
40.84645733886333,4,80.22247303626038,0.13427538693951022,0
43.510782451651515,2,76.46035930058524,0.1924304416648206,0
43.00183437524876,2,77.31420025397995,0.09122180272503923,0
40.044889510402896,3,75.01695187617446,0.13343274023789534,0
42.19866461085845,3,70.31299902361407,0.10490337697694724,0
43.50277424674358,3,77.4269167121995,0.16479358909315073,0
38.66118943775726,4,85.23784626483875,0.06405838061956348,0
43.08672038475987,4,80.35381286369407,0.13725026564386406,0
40.6747524821083,3,77.94221886079681,0.09026513519416592,0
43.14119733718632,4,77.21132751237519,0.09679059114457511,0
40.473481686914965,4,78.06739767843614,0.10458762422241864,0
38.390235798670965,2,79.64135734552563,0.11261201982133387,0
38.74491512423367,3,74.45756155407346,0.0941885478439021,0
42.09616989332277,3,81.34296508400662,0.11073565915852632,0
42.51944500344296,2,80.14614394632373,0.17890590287810923,0
40.191366749791186,4,80.1545571771238,0.14927248428076093,0
43.27718491755475,5,79.31542721642919,0.14345772962484482,0
38.67695987546208,5,78.05884997308198,0.07722302369880647,0
41.86784040270537,3,80.01858370790046,0.05553795858858379,0
39.577967600475084,5,79.77544240122414,0.14776502791188764,0
40.696327784395685,4,76.93787786717692,0.14380233962648972,0
42.09479734263283,3,76.27919468130929,0.1736335337875491,0
40.27917326943209,3,78.30556888578596,0.06980096870153853,0
41.23088891154035,3,82.64706045448557,0.08852256723198265,0
44.01258561842888,3,74.2826787730383,0.018025791873728297,0
40.8462162609537,4,73.59742420274267,0.08037644469695636,0
43.671384224130286,4,78.49428252370954,0.14982852552897236,0
39.74058629068476,4,78.15266310556805,0.07667523103859011,0
43.05960835583056,4,78.52002499311122,0.1320239897600412,0
44.8831372413158,5,78.7318595937255,0.09047484470010944,0
37.05671099974542,4,77.33039323609559,0.11620285141107804,0
40.406209489059044,2,82.46959031580624,0.04261543050921664,0
43.15414425436108,1,73.19728806457046,0.10426047248169507,0
41.59390922791401,4,75.51450892565926,-0.04955679854503617,0
42.742291746742616,2,77.69023571955286,0.09065519209190076,0
40.79202962656836,3,73.0704335665375,0.018476337814242988,0
42.1731795749458,2,77.47243678670378,0.1602997258273408,0
41.68864552921584,2,82.98441049718406,0.13887036763822558,0
44.335564123319614,4,78.06265946488789,0.12333354909830406,0
42.50884168660242,4,78.69210271715605,0.176050311357969,0
42.675205324150404,3,74.21950570448226,0.05255417395875814,0
41.176246067755066,1,76.15091577588157,0.18736815989577793,0
41.02478755185501,3,76.87441085902819,0.14660957821301923,0
41.13488362436076,4,77.04685470973129,0.0881722356390527,0
42.78890428475659,2,81.84493138501131,0.1567810073591472,0
41.158031038359475,4,79.67307318217537,0.044685324379418294,0
42.57954971379283,3,74.66562612918891,0.05877429192361633,0
46.15080159729088,4,78.73951433529601,0.06957051383801499,0
43.74224940686339,4,79.49466524549035,0.07355111459679925,0
41.34795293566432,3,81.4204471155638,0.04717211786198736,0
44.40242784432789,5,82.74162205970512,0.16115415335476627,0
41.1838492539569,3,74.95471742451639,0.08705727998150842,0
37.92375092964429,3,75.56742746636898,0.11762524841784398,0
39.983827378165195,3,74.22726642325615,0.07148243167931598,0
38.25841615794829,3,77.29794042267906,0.008969834972574142,0
41.29697303191738,3,79.399075123339,0.11350286791957111,0
42.0368367583791,3,80.9620035497673,0.004387251229011152,0
45.352874624550566,5,77.77214692907243,0.09656829769572657,0
42.65385474752833,2,77.04045743023546,0.03158424805835948,0
41.561798942382275,2,78.45527397674623,0.1993637999615404,0
43.65881116236698,5,75.49457129510994,0.1455681361087361,0
37.57772938198423,3,84.26861616508432,0.10528768956357402,0
42.47122911621713,3,73.17701691864582,0.16318533388273343,0
43.54173038777393,5,78.55422173668717,0.057684201126713214,0
39.04282750844032,3,84.07081865768892,0.12717396893350466,0
44.28750808641386,5,78.02039953367999,0.10999052168593568,0
42.67699281498883,4,77.42988289499552,0.11320100406668351,0
41.1694241721984,3,76.92766373156871,0.16361767500533841,0
43.26556373221257,6,77.45882495471278,0.1366246051389901,0
46.54138571560879,3,82.11854542402959,0.11443618314125117,0
42.36373251011699,4,71.36441426601148,0.017255628188585198,0
42.49644117260067,4,82.60030110388898,0.05199768523602682,0
41.08127820091951,5,73.72812854264956,0.0938645533202138,0
40.30031126107042,5,77.20004301229676,0.10466861871383257,0
43.66067163308849,4,76.71226673910401,0.043489813766303814,0
40.28783234818226,3,79.76565980931215,0.22058383377892107,0
42.14313247443879,4,73.20562694434875,0.17581970276267866,0
41.044685106469764,3,79.38651799824584,0.13010591601962418,0
42.957959651492786,6,84.07292886986056,0.10360184306418724,0
42.667324210573895,4,73.91047798622157,0.08938955150494242,0
44.0750798885158,3,78.56911850283119,0.05240407699888822,0
40.9799672022905,4,76.01405346661018,0.10387402592594314,0
41.46025012941326,2,79.2776616185791,0.11288762700713754,0
40.042472568435386,3,78.05744333224726,0.037911971225918786,0
41.111413479847776,5,76.07553927286708,0.11670882086224488,0
42.754600986089706,3,79.46361685461322,0.09223704755876257,0
43.5139772332907,2,83.41304432936023,0.004609622106130445,0
40.15566935164475,4,77.4272886248181,0.05698074946102491,0
43.73921184021132,5,80.15927382644455,0.07931972332891779,0
44.7112757176099,4,74.12018112638651,0.19438438286700954,0
42.826869806447405,4,75.13069086954597,0.1278276562266879,0
45.75359162511613,3,79.41721883364113,0.033225921545005435,0
40.45242160179286,2,82.4523480856079,0.12430181447088186,0
39.51069059337716,5,79.06684004635699,0.02263480055308173,0
38.44255950219144,3,77.06082590843053,0.15413455269435367,0
44.992088622978365,3,77.99787421627006,0.07644376740910608,0
43.30873131270812,5,74.24877679809084,0.09531819056304146,0
41.88883065817909,4,79.8135459790661,0.1662898323771095,0
42.55993725263964,4,80.64699918697023,0.035641821570787505,0
39.74902190540325,6,76.64372900150076,0.03014409074435044,0
46.89150395923365,3,76.5898735567215,0.07082003368269976,0
42.25844236395046,4,78.79763468895615,0.15191894255096583,0
42.218789589209784,4,76.68984079187821,0.024032696226157876,0
43.451533247797386,4,77.80160215612253,-0.04160777990552844,0
42.96201846347343,5,84.29916536749954,0.07744205707955007,0
42.44776804855826,4,77.258922897762,0.12758703999554602,0
40.419051089109374,4,76.92497954393633,0.16001308748694149,0
42.942936714271994,5,76.05737458309453,0.07684193189573005,0
45.764048992950066,3,80.2325759144998,0.07942866964419988,0
44.690840092309955,3,77.45632748034569,0.15769503671278737,0
45.186373253278795,2,76.05188088503573,0.006512915015228965,0
40.97756864713763,2,81.96391209681903,0.08057396124084953,0
40.02079035948284,6,82.25880901354091,0.10952119449625289,0
41.7484261598007,2,76.19872930278389,0.12246093606425172,0
42.11144982457739,3,72.40038014591815,0.07450966534045587,0
44.1883830369419,3,81.02254106951077,0.10172205058529207,0
38.61507074057036,4,75.94611052271999,-0.024416367670649475,0
45.05910063892123,4,80.37187679748831,0.06708757938330759,0
41.68398420284202,4,72.0896885468645,0.12267543562772337,0
41.14623786010516,3,80.67779201489793,0.050885298287266026,0
39.97579124947966,3,74.36648421215766,0.10294921107947988,0
38.69028665626846,4,80.19229235719958,0.1223436250401349,0
43.64634116792383,3,78.0428192035093,0.08287253995711176,0
42.14663593437681,5,75.13818174181006,0.10852318854982855,0
39.42007820051789,4,76.77889106121965,0.05186337173576939,0
39.40984245587277,4,80.05895537087011,0.08966943601519767,0
41.32843060141975,4,78.31768335934571,0.13051080847946114,0
45.33804305057878,5,79.75323894141745,0.10784864804842172,0
41.48081729727279,4,83.92932175354646,0.07067343652180323,0
38.993714093763785,2,73.30727516486685,0.11121082021453965,0
41.508513871828114,4,82.85163772490587,0.13573048953183092,0
41.454552860504656,3,78.31306781256964,-0.002497063928873902,0
36.60622671411686,3,75.30364785503062,0.1579537032477949,0
41.89141026696438,4,74.00905912278303,0.0831872630659464,0
41.53813093958264,5,77.4326388276689,0.12127449666201152,0
43.392412729626834,4,80.76495033577338,0.15986234618226142,0
45.69791218989069,4,77.6173526388674,0.0314163151384767,0
44.25313005909551,5,82.53346479074204,0.06452794987862268,0
41.46222261889034,4,73.64647292984532,0.08557256520621476,0
39.78694818251666,6,77.96373315646184,0.060812323943778585,0
47.14671960649972,4,74.24281966676064,0.18674682879184043,0
42.11843686802898,2,79.0908956478749,0.057161395308660365,0
42.02785858382589,4,80.6606621702919,0.07222266102565668,0
41.95174982577999,4,76.73771461895684,0.11021945158014884,0
42.39616952153571,5,70.18735843011859,0.03989252369619556,0
41.71127917615212,4,78.59684444038949,0.08021596441218681,0
40.852675986239525,3,79.31021565520052,0.11587266306250876,0
40.90628211751922,2,79.21288426488509,0.08335697978087445,0
41.934493459568,3,81.70734657546646,0.09533065705500259,0
40.91315045773247,3,74.78683896105285,0.07353339437758147,0
40.57430843464567,3,80.04064831635135,0.02427648454096165,0
42.21286045538379,4,81.57752253743392,0.11607966056696194,0
41.49004556515829,5,72.66423724798045,0.1877466535823621,0
45.007985977165376,4,78.95895547775693,0.10092008153917191,0
36.69806038321398,2,76.48746050697699,0.11126320586237748,0
44.18301370384492,4,77.75543198069506,0.134636137755843,0
44.492170384995255,5,79.04302945061501,0.036533475172665045,0
37.8532195351837,3,76.53831430765935,0.1851257329064803,0
41.3146248118393,3,75.97287576251516,0.11011643982114011,0
41.25711826800842,4,78.10245725246408,0.18159284495445546,0
39.184976610564355,3,74.73826218341159,0.06334835022380053,0
40.44436662481825,4,74.74252461334444,0.19090309612789125,0
39.778848309068344,3,80.03811984886951,0.13875777470173917,0
45.504540886847245,4,74.55361789452404,0.12765200429261792,0
43.871356786294925,3,79.99893750272764,0.11170122271765741,0
44.54311018998832,3,79.38777387856186,0.08757356909627753,0
43.44334412808647,4,72.82257981362821,0.16002658292369365,0
39.741896457565545,3,75.96730604299303,0.10701799349240235,0
40.950959467440455,5,81.58232820914212,0.001646514820642389,0
42.97874912245584,3,75.05650340658096,0.04414067691464988,0
39.55574438221611,4,76.60678721307184,0.09070771239036264,0
43.425996860344775,4,79.38618267975569,0.11549994915827776,0
41.51934920368373,2,80.35017152784779,0.09717057555500522,0
41.25035838490081,2,77.24538334186651,0.16094853948968318,0
43.42191993640698,2,76.20746941592508,0.0024449067980687605,0
42.88852662297208,5,82.26710958509553,0.10717939682525801,0
41.27806766836184,3,83.21669899139273,0.00910103873064226,0
44.318659606728495,6,80.93657415234539,0.13798561477420843,0
39.83787334480021,3,78.25595442769507,0.09527706427789986,0
43.231871213888525,4,75.57520283507722,0.12098049860120591,0
43.18620251593677,5,75.5086667803303,0.056805851970511696,0
41.38090712137202,6,79.56754231579727,0.16397324658288756,0
42.652266044484236,6,79.25519466266606,0.15208623320294257,0
39.49777284722939,5,82.20479577883928,0.12917721515059438,0
43.8480540384138,5,79.95135027760841,0.09352413765682796,0
41.63019572711402,4,73.49075909472054,0.12899286426475662,0
40.954553958961924,4,81.15584285316875,0.06465537160063256,0
44.09801845167378,3,75.00581811805677,0.1427777829510356,0
40.59131261891448,3,76.84808618414294,0.18247404471619605,0
39.18307740727288,3,78.75060061875509,0.15353052799895933,0
38.886741652952196,3,83.98700246935189,0.06351987650962954,0
43.21201990269128,3,87.32975566801608,0.11807086586365514,0
39.43914129500743,4,79.82016917740854,0.03534292281206762,0
45.50958836396873,4,77.45041014383884,0.1286195155587838,0
37.83614118423256,4,79.60351694544165,0.12253017064312695,0
45.39291273658008,5,80.6629662776215,0.00650918302339179,0
42.42203493440524,2,77.03799712332842,0.04191080780438181,0
41.806573776259214,3,83.38563406773697,0.08584305516281165,0
40.9101618263821,3,78.6902122775742,0.08495701264295868,0
42.79827222870414,2,79.49322926727419,0.03952615322905974,0
41.9247305951503,3,79.99777275616339,0.11944893646760919,0
44.20660376403304,3,79.26475983184336,0.1125736804470256,0
42.22845529732408,5,80.51682150140884,0.09028654340107403,0
42.30060352292376,4,76.14824044035923,0.062210424992081854,0
41.27277557557229,2,76.32509473816191,0.1524353563208282,0
41.88610875255787,5,74.69953730108492,0.18277035565441477,0
42.61560353778412,5,79.31850369186068,0.07582192580767315,0
38.57966321468675,4,80.33680951053634,0.06939165414225897,0
39.30362915578857,3,79.37331859845565,0.12456038327059982,0
43.48652818804543,3,83.02347730004261,0.08209853101265069,0
42.34173087625588,3,77.98321194351286,0.0930301399668383,0
41.63203332729464,5,80.00622496677754,0.13698265758623357,0
42.036867866130784,5,74.72489737158206,0.00453219562463536,0
42.69516341072334,5,76.8387008925768,0.16591511624263347,0
40.920480639381275,3,80.08661327269733,0.10363402621646707,0
40.44339054919538,2,80.54730633222943,0.07942534277189099,0
42.39169051019536,4,77.11809915700745,0.09553829228892756,0
40.043254444769936,2,77.7852022444258,0.09812146775102594,0
42.81650551142894,4,73.44637875995757,0.013439934827753727,0
38.59483279152432,3,76.92891239758018,0.1747469113726618,0
44.05831127465129,3,80.67114949055936,0.10206628161353093,0
42.94519496482609,2,79.7256150483197,0.12215010652236877,0
42.512059468627754,4,79.50199716414363,0.14757748852870214,0
43.96538196789103,3,78.14932106154288,0.04894187712198499,0
45.33094888892515,2,78.02118947588453,0.12367359495176143,0
44.02874013003626,1,76.01903658157966,0.08661794545506032,0
38.31825153733671,3,80.09648526060761,0.1423385387608247,0
39.4408460665286,5,79.26291883316817,-0.006361371017574766,0
40.750362844608645,5,79.4760565439784,0.09504528498793656,0
42.05218210042167,3,76.42189547199726,0.06985896721080193,0
43.03531804093824,3,71.53997124038627,0.12161314753170778,0
40.54851237369307,4,81.29145813526108,0.12350220936841011,0
42.373533528954155,3,76.5634876319748,0.0646187052588987,0
40.48923413529336,4,75.41167270787064,0.06439130679119782,0
40.776964394016105,4,80.08043673574198,0.09446673157213353,0
39.18667780630356,5,76.82396208024261,0.0551678886342396,0
40.15353350777819,3,81.17980915213987,0.14209918477260636,0
39.29663078876733,3,79.8510178487301,0.0815396399776277,0
40.04825349404533,3,80.05070796960143,-0.04534941096608208,0
44.107283593215676,3,73.9021328663984,0.0812588971689097,0
40.10120222233611,3,81.6358319561592,0.04807280895780139,0
47.26476412967478,4,78.78375159370157,0.01843620922695273,0
42.98663580176178,4,76.89216858226139,0.03812866808887138,0
42.36967224738975,3,78.43016540202676,0.10547042359164852,0
40.283284439637576,5,72.67129430130504,0.16643204141241158,0
43.40061975881798,3,79.225958434442,0.115659223693249,0
40.84872434752445,3,74.91188547545379,0.06967483058921302,0
42.244019629290726,3,73.9419891424694,0.12279520975853514,0
47.12016907653759,1,73.43292244134632,0.07704548448905041,0
41.8078802005507,4,81.33806512496977,0.06526998154184277,0
44.29854665257135,4,76.11220981892163,0.042281866588350786,0
40.59364714974822,3,82.6011831297495,0.01240855966241404,0
41.93002301900608,4,76.3925956108431,0.08050381467202775,0
45.54160127127102,4,72.87792612722116,0.1079026744960066,0
40.74606588442447,2,74.65042668015403,0.09516881649925552,0
45.62489711599386,3,81.70743486002081,0.07920165360263207,0
43.41550387091095,4,77.53230546619,0.05271269696516095,0
40.87506644821146,2,76.3551381105282,0.13041230958424843,0
43.26481547811104,4,78.48005467755836,0.034143404002670755,0
43.94510889925346,2,79.50534820850264,0.13880139569217378,0
43.24361992443439,4,81.35219644770739,0.04988914905366376,0
38.859550560219084,3,82.34549768967878,0.06237823813234825,0
40.54572564835026,2,76.92069406263275,0.026660740469216154,0
41.50496272889699,5,74.02185694175388,0.07492989265571817,0
41.851133141799906,3,76.75960451663018,0.14876562292389894,0
43.241344195101355,3,78.78084151974866,0.12578140442219782,0
42.35540200186651,4,75.10872322136817,0.14892110560140176,0
39.329311282579795,5,75.12854725531487,0.1261071272966968,0
42.76039570201193,2,79.03136364464966,0.044816508573481545,0
43.22117149056765,4,77.85404294528864,0.08346053878362214,0
43.11958089586208,4,78.09839098623476,0.06099004354412687,0
44.16156145110924,4,75.7245139958998,0.16652874520195202,0
43.66784430909781,4,77.3087978573827,0.04016056767868442,0
42.91836015845687,3,75.22730056719509,0.14468488446945554,0
41.85966857708271,3,80.67059523337436,0.14464769350543846,0
38.67807813296802,4,81.10574800417126,0.19148101008580437,0
42.85923643826517,2,72.46143641328572,0.07951567036852514,0
42.415375374326224,1,75.21146741942277,0.1356161079790081,0
42.54315767439075,4,73.51041223472976,0.21408259182694214,0
39.44650284835938,4,76.0499281967793,0.06911791615331517,0
39.837886919183475,1,77.74968609062891,0.02324798762338201,0
44.10630570666581,2,73.65106434090441,0.005999498304611814,0
41.92088969228669,4,75.23442056062406,0.13563560144306658,0
43.36300139474525,6,74.98812788375551,0.005842489597070816,0
42.05663675226092,4,78.62180198819684,0.08138404735310387,0
42.05951227899149,3,78.20803301110875,0.12186565935194804,0
42.27776330524487,4,78.4914294527202,0.017606451302800044,1
42.70851905507023,4,78.6501623672489,0.03210915535759397,1
42.474138301289216,4,78.35628575165379,0.31302141058361777,1
44.129353996352,4,78.14236082891145,0.11212858340328595,1
40.852932464067685,4,78.75758342970104,0.19429340216319618,1
41.33626608628205,4,75.86976396503158,0.04101056434580751,1
41.263121384857584,4,79.16448155036414,0.046135308392911495,1
43.7377500293517,4,78.68899197401373,0.23633918444258217,1
43.91341195294435,4,78.42074118362375,-0.002796817135052726,1
43.3100038081235,4,80.77048028617182,0.09465952773208593,1
44.47875808827459,4,78.12908608171196,0.14360374613234886,1
41.006808045669096,4,78.48134612148773,0.15535836571164344,1
45.34505727285434,4,80.95637742280775,0.13033187752853514,1
45.19943079688999,4,78.2131648258034,0.19184328464225564,1
44.0883576189842,4,78.57551285776697,0.22556698261695707,1
45.72797474506614,4,79.05900472732293,0.23376526208362147,1
40.64069332918686,4,80.12716664293357,0.06574122717341835,1
42.40930769510351,4,79.57463667820758,0.13992619874983386,1
42.16337646726853,4,78.15461083375226,0.2918380952329199,1
44.41890240272144,5,78.99546962782759,0.26584662830512595,1
41.83182406647618,5,79.00068576779282,0.04311606490214487,1
44.6136296586796,5,79.61122116583223,0.219570100587984,1
45.603542909462405,5,80.19468787973535,-0.009380313882204644,1
44.660894802387304,5,80.26745198704374,0.19715580176382594,1
44.114068746547524,5,78.15363648715763,0.38625911373489924,1
42.27698395849812,5,81.07399123881713,0.10571324083591546,1
42.55886927945517,5,80.34302110730316,0.12109030851616844,1
45.77392584538219,5,81.5553863189507,0.2849456917251252,1
45.138872752089156,5,80.69545460869772,0.05828266254938716,1
43.98167172595881,5,81.43298124919305,0.1533074115843604,1
43.48368844517026,5,80.87860561295767,0.2802471288335522,1
41.142192712946,5,81.83868806776053,0.16119453080894916,1
42.64497765338038,5,81.09511495762581,0.20504621735930487,1
47.18873667091059,5,80.55535108521538,0.307081887614418,1
42.47127644249127,5,83.00610306215542,0.27883802543908326,1
44.74653128962056,5,81.70310747403869,0.2673853572174799,1
46.04382927637571,5,81.46821678281347,0.2108113901634484,1
42.72063107337345,6,79.69856995532096,0.2857498301198604,1
44.95043254634248,6,79.766968764446,0.24039055108550175,1
46.15059189923081,6,81.42839387410166,0.30256448059056845,1
44.83281933461967,6,81.3616015997783,0.2111108175887047,1
49.18702669405292,6,80.68235984705198,0.24656722316506097,1
42.45187498102944,6,81.51786712172262,0.16984844185032624,1
46.613218422966526,6,83.0459133602044,0.2693635606074166,1
44.83627478083998,6,82.23309091676134,0.19578433574766826,1
46.323709377983654,6,80.47708194250858,0.16949987759686597,1
45.89814163207148,6,81.58698363516862,0.3107907379011167,1
44.20679836765159,6,80.97392799150926,0.31021870120385653,1
45.72037901079956,6,81.4715965660035,0.3712521976154603,1
42.660384003807096,6,81.52608282683266,0.25387236766560567,1
46.422459190555585,6,81.54245491990855,0.3418103098093037,1
46.03517739747825,6,80.84536714058942,0.3601048828555071,1
46.61628171025109,6,82.05324984109487,0.3535226069138128,1
47.315820703711125,6,81.700698895816,0.23049995835295167,1
46.350424735188945,6,79.41225985271129,0.3320217753627973,1
46.09148086336576,7,84.47508257726548,0.35751955724365714,1
44.618095987470376,7,83.59128221703075,0.3258434748314978,1
44.9417191057827,7,82.20661384793932,0.12049796280610764,1
47.86050394031625,7,82.68213563265518,0.34921479154307666,1
48.30525687740319,7,81.57206424564727,0.5584390335879654,1
45.863939873170104,7,84.51984348082594,0.30520210327505554,1
46.36046140731207,7,84.80181130783843,0.2724184208677342,1
45.004887482735484,7,83.1416183513621,0.38658108712691874,1
48.191296071921265,7,84.08885727735117,0.38450415270494864,1
47.50063779835174,7,83.32101542215,0.47655994870244545,1
49.48469047630366,7,81.88940521439041,0.2355197170724278,1
45.325731464632405,7,82.89470929435294,0.4384646584233284,1
46.14655599066865,7,83.51886264013879,0.428388939793488,1
47.131088481778306,7,83.01278896467365,0.35915218047679964,1
47.824005663372574,7,83.3290854160323,0.4112556664655358,1
46.601121659256435,7,83.53674114600847,0.4843527833357152,1
45.68553323869131,7,83.62766421570238,0.4726586736812371,1
48.387437926551186,7,83.84120321411557,0.27514530497353173,1
48.21738143577817,8,82.80874166727173,0.4754831553589656,1
45.83161899990818,8,83.23273259459064,0.39101857668267787,1
49.30954611120598,8,82.74556648806887,0.4087949474899938,1
49.10203173213661,8,85.0883683135053,0.4128473372911243,1
47.618530173007365,8,82.08530783202903,0.3945234398136414,1
47.60683397949371,8,85.42494712723652,0.5327385889066865,1
48.38887560139748,8,85.7381081912327,0.4092161437135713,1
46.3355860981332,8,84.12998021703748,0.3096534273626882,1
47.743539681057676,8,81.90942572624306,0.38627515510654475,1
44.540268904191755,8,84.23165426215331,0.44751771288707776,1
49.1538794481539,8,84.60918267288203,0.5565898201382478,1
45.56730790503068,8,83.74317062429219,0.4979979107059387,1
50.235029240130935,8,84.31895246046312,0.35665501483886347,1
47.55507111533173,8,86.44476806318497,0.6942476348839696,1
47.80310254217861,8,85.6599020366736,0.4762262748163909,1
47.24935391474259,8,84.15081277004401,0.581307918021007,1
47.829248221780205,8,83.55817972487694,0.44261750136589517,1
50.45945530917934,8,84.90916358691284,0.5151449696966756,1
44.670297065448636,9,85.10312613522242,0.5497759961804838,1
50.38780988817751,9,85.89318411198643,0.5916687174065814,1
49.04974878949176,9,84.9420702221057,0.5796061772714909,1
46.802532854847335,9,86.06928852008548,0.5651091472434788,1
47.070448495853284,9,87.5733449948341,0.4504008746192827,1
51.26835838503341,9,86.53409398726839,0.42875504404559994,1
47.40586028310098,9,85.7509064675436,0.5232104997761384,1
47.1644465959151,9,85.69624651387133,0.5872826564803382,1
50.67079593415011,9,85.603125860795,0.4757178796710831,1
49.543005193825856,9,87.22084191747727,0.608527246822695,1
47.698639273386355,9,85.49328956912407,0.6512918253023868,1
49.50081686009185,9,86.24622773412561,0.41841815934893944,1
47.70760213031848,9,86.33260493705696,0.430378281379166,1
50.96781501220677,9,85.8600248524146,0.5040529463707729,1
50.97899112067654,9,85.06974550739227,0.5528718195827388,1
50.25529573039372,9,86.84558756894431,0.4736739518896266,1
50.0701297828253,9,86.5420111035215,0.6653710216555587,1
52.239772137049805,9,87.18365755486371,0.5765775404232019,1
49.66787119962505,10,86.23021878903822,0.5421356595979433,1
47.96588227920548,10,88.06504240434069,0.39862010288952915,1
50.48325609537911,10,86.04784933436605,0.4146495741361438,1
53.0084675592303,10,88.71706540964603,0.5783521813095877,1
48.42760950393981,10,85.33779062585012,0.3410117941684361,1
49.477906352471585,10,87.60059921028554,0.6595551982508394,1
50.71512131845871,10,87.72166183830552,0.5464961733517127,1
50.079946746591894,10,86.53107609788827,0.8906409552509307,1
48.7577004083285,10,87.83142911374041,0.801143383855581,1
51.98429432203415,10,88.76695585568982,0.5562269523717308,1
53.8519203795083,10,85.35102035662584,0.5677582595458636,1
50.73640824381224,10,88.15098601352096,0.6819702117017106,1
49.15646037946635,10,85.23537239575032,0.7567494217958239,1
48.259473785284115,10,86.84338042260744,0.42664935556293104,1
51.040230303490056,10,89.51861360108184,0.4158348152735766,1
52.37943410542665,10,87.38806721283909,0.5362889817561197,1
51.506721468989305,10,86.87637129187245,0.6607863211314569,1
50.86071584666192,10,87.93271553734698,0.6562200223673427,1
50.050765889150206,11,90.27896161454547,0.7175299093174805,1
49.366779676551005,11,86.45977503922613,0.49460311148507724,1
52.327503873909436,11,87.32054938484306,0.38697857852723294,1
52.51638607529446,11,89.94969298971229,0.7084144848568478,1
48.89748572197395,11,90.39036566012065,0.5438135385326223,1
53.671190628075045,11,88.50963410234287,0.42880447989279447,1
52.21789075093899,11,87.45441463415676,0.649179741430109,1
53.52652764611065,11,90.86971284854283,0.7180110361585512,1
49.48429581445826,11,90.44871374853312,0.6305078546270683,1
49.51910296285674,11,89.6136203545964,0.6009488297234596,1
51.414736990122925,11,88.202673027947,0.6348175456296304,1
52.46271935391063,11,89.04644804609664,0.6177155931066554,1
54.473435706752255,11,89.0155193159401,0.5239892586552296,1
52.908364601878475,11,89.58713271165075,0.5913460026527158,1
51.5555760747317,11,90.78768485521677,0.7189621613556529,1
50.45039593724488,11,90.29650246827308,0.703022125494434,1
53.90530236661641,11,88.42011136020116,0.6916803524559786,1
50.68359512770559,11,90.95438589725572,0.5793796241764712,1
54.643707857284106,12,89.97142359729959,0.664764256650755,1
51.84477980950984,12,90.4257592631956,0.46922816872254874,1
54.72758165164034,12,91.28563633666555,0.7088024402578857,1
53.43045723659645,12,88.78791723792364,0.8378606451532161,1
52.276918826137816,12,89.94407391878097,0.5515817616701613,1
51.77366926135628,12,89.52884695617847,0.6444223080451089,1
52.11175376187033,12,88.57284409222248,0.73994585375041,1
53.335942375246276,12,90.5678155052431,0.8363395398246579,1
52.87955383980396,12,92.81306408927286,0.6702529152544072,1
51.9434537421683,12,88.54183180323295,0.649870444460345,1
52.65607549758888,12,90.43003094673948,0.5262232636478389,1
53.09273991643803,12,91.18325650291398,0.7374794913227705,1
49.85212498903104,12,90.74619377954564,0.9353633829088468,1
53.80283006163029,12,90.59038953542397,0.7629117255934525,1
51.716347811165996,12,89.48470323454413,0.7369680819811262,1
51.52628280222656,12,91.09710835098036,0.7754243114787087,1
50.79561664516308,12,90.18795964107453,0.7461269805096625,1
50.706146177821275,12,88.83520392316214,0.6699548441810222,1
51.434165428748656,13,92.30011985870468,0.8376043734773184,1
52.47415700576532,13,92.14431546808324,0.7818726347232359,1
56.53792890729488,13,91.31799263514255,0.7650779081079386,1
52.88957244595619,13,91.57580835654741,0.6698000806892606,1
54.01536887799501,13,92.50145369110753,0.901707577113074,1
54.41981755714643,13,91.7318773452203,0.8418471589554216,1
54.08604501550468,13,92.49195725325377,0.724104901187893,1
53.843633803885886,13,91.37085950766887,0.8835995707953295,1
52.23721010836998,13,93.0607274571669,0.7376801020911276,1
56.27689383498163,13,92.14993145457589,0.7132569371810571,1
56.881649236813615,13,92.10359968229933,0.7195070751866447,1
51.71721798896672,13,90.7198886600317,0.6223906321283769,1
52.77551490261516,13,92.35730761309568,0.8506718259815191,1
53.96219403417319,13,91.31879885134977,0.6244232006083761,1
53.00545461416738,13,91.59287305236599,0.6887134058181473,1
55.28156139551043,13,91.4961821606286,0.6080190885393828,1
53.50055652051068,13,91.32572486709574,0.8109910206706594,1
57.91090068462448,13,94.59713321206219,0.8085860444250741,1
56.51949123322394,14,93.88410288108388,0.7949685696361375,1
55.12288114645084,14,94.55353333128998,0.7274005219902289,1
56.41485125427608,14,91.49067281964041,0.7184550166161351,1
56.603574254626416,14,92.86522359915712,0.8861354788169691,1
54.16915414479706,14,91.58086423409239,0.7886633997939755,1
53.86110126886545,14,92.25907899214967,0.8793745256209512,1
55.272993488926836,14,92.11704889598042,0.7632339253574271,1
56.51858484001325,14,94.3551618958888,0.8738851687494701,1
55.50507301004043,14,92.79975022139573,0.9901267987064808,1
53.00133944756778,14,94.34476124324175,0.9224356755166654,1
54.23294926372198,14,93.9609048091865,0.8265978141582515,1
55.396578393050646,14,95.74082468175303,0.8975791935180049,1
55.46439104074744,14,92.03814371655876,0.8518128795319033,1
58.60705447121486,14,94.85722318953555,0.8806875159569101,1
53.63961105122562,14,94.82483283019972,0.8513584927750995,1
56.5473285863719,14,92.78541513182222,0.8715061779039233,1
58.092966144904494,14,94.84632931637266,0.9131691343023924,1
59.336822859340224,14,94.25574295297598,0.7966440295392924,1
55.39340386522406,15,93.7725237400466,0.7984121173010021,1
